书名,评分,作者/编译/出版社/出版时间/定价,纸质版价格,简介
芯片战争 : 世界最关键技术的争夺战,8.4,[美]克里斯·米勒 / 蔡树军 / 浙江人民出版社 / 2023-5 / 88.00,纸质版 58.00元,一部芯片的发展史与竞争史！ 追溯半导体产业发展历程，直面大国博弈下的芯片竞争格局！ 《金融时报》2022年度最佳商业图书 《经济学人》2022年度最佳图书 ...
芯片简史 : 芯片是如何诞生并改变世界的,9.0,汪波 / 浙江教育出版社 / 2023-4 / 149.90元,纸质版 97.40元,一本聚焦热门话题、热门行业的实力之作，完整呈现芯片发明和发展的60多年历程。 全书完整呈现了芯片发明与发展的历程，从支撑芯片产业发展的量子力学讲起，逐渐发展...
量子物理如何改变世界,8.9,[意] 卡洛·罗韦利 / 王子昂 / 浙江科学技术出版社 / 2023-5-4 / 62.00元,纸质版 39.30元,豆瓣2023年度科学·新知图书！ 连续多月上榜万圣书园月度排行 入选刀锋图书奖夏季榜单 · ★电影奥本海默导演诺兰的物理导师卡洛·罗韦利继《七堂极简物理课》...
芯片战争,8.6,余盛 / 华中科技大学出版社 / 2022-1 / 59.8,纸质版 31.10元,本书是一部从企业竞争和国力较量的角度讲述全球芯片产业发展历程的书籍。全书分上部全球芯风云和下部中国芯势力，上部主要讲述了全球芯片产业的发展史和芯片产业链的变...
5000天后的世界 : AI扩展人类无限的可能性,6.7,[美]凯文·凯利 / 潘小多 / 中信出版社 / 2023-4 / 69,纸质版 34.50元,在互联网商业化的5000天后， 社交媒体（SNS）开始蓬勃兴起， 现在距 SNS 兴起又过了近5000天， 接下来的5000天，将会发生什么？ ··· ··...
这就是ChatGPT,7.6,[美] 斯蒂芬·沃尔弗拉姆（Stephen Wolfram） / WOLFRAM传媒汉化小组 / 人民邮电出版社 / 2023-7 / 59.80元,纸质版 29.90元,“第一个真正实用的人工智能”搜索引擎WolframAlpha发明人 斯蒂芬·沃尔弗拉姆的ChatGPT诚意之作 ◎ 编辑推荐 OpenAI CEO、Chat...
深度学习革命 : 从历史到未来,8.3,凯德·梅茨（Cade Metz） / 桂曙光 / 中信出版集团 / 2023-1 / 79,纸质版 39.50元,★ 世界范围内主要的人工智能玩家有哪些？ ★ 哪家科技公司在这场脑力与毅力的角逐中脱颖而出？ ★ 深度学习革命如何颠覆了整个人工智能领域？ ★ 人工智能还会...
AI 3.0,8.3,[美] 梅拉妮·米歇尔 / 王飞跃、李玉珂、王晓、张慧 / 四川科学技术出版社·湛庐 / 2021-2 / 99.90元,纸质版 64.90元,人工智能现在正深刻地影响着我们的生产与生活，甚至关系到人类未来的前途命运，但究竟什么是人工智能？人工智能背后的原理是什么？从问世到演化至今，人工智能经历了怎...
人机对齐,9.0,【美】布莱恩•克里斯汀 / 唐璐 / 湖南科学技术出版社 / 2023-6 / 98,纸质版 82.70元,如今的“机器学习”系统已具备非凡能力，能够在各种场合代替我们看和听，并代表我们做决定。但是警钟已经敲响。随着机器学习飞速发展，人们的担忧也在与日俱增。如果我...
浪潮之巅,9.0,吴军 / 电子工业出版社 / 2011-8 / 55.00元,纸质版 43.40元,近一百多年来，总有一些公司很幸运地、有意识或无意识地站在技术革命的浪尖之上。在这十几年间，它们代表着科技的浪潮，直到下一波浪潮的来临。 从一百年前算起，AT...
理解和改变世界 : 从信息到知识与智能,8.3,(法) 约瑟夫·希发基思 / 唐杰、阮南捷 / 中信出版社 / 2023-4 / 79,纸质版 51.30元,【编辑推荐】 ★ 图灵奖得主，中美法三国院士，法国科学院院士、世界安全计算机系统重要贡献者约瑟夫·希发基思重磅著作。 ★ 深入理解知识和智能的本质，明晰人类...
埃隆·马斯克传,8.6,[美]沃尔特·艾萨克森 / 孙思远、刘家琦 / 中信出版社 / 2023-9-12 / 90.00元,纸质版 60.00元,著名传记作家艾萨克森以近距离的观察视角，揭开了如今全球引人注目、富有争议性的创新企业家的神秘面纱：他善于突破常规，引领全球进入电动汽车时代、私人太空探索时代...
从一到无穷大,9.1,[美] 乔治·伽莫夫 / 阳曦 / 天津人民出版社 / 2019-9 / 58.00元,纸质版 28.40元,从一粒原子，到无穷宇宙，一本书汇集人类认识世界、探索宇宙的方方面面：数论、世界线、相对论、量子力学、核物理、遗传学…… 这本书将会回答你如下问题：无穷大究竟...
千脑智能,8.3,[美] 杰夫·霍金斯 / 廖璐、熊宇轩、马雷 / 浙江教育出版社 / 2022-9 / 109.90元,纸质版 71.40元,近些年，当人们谈论人工智能时，总热衷于讨论算法的优化、模型的迭代、算力的多少。人们不断地在追求模型的深度、数据的规模和芯片的算力。海量参数的复杂网络仿佛就是...
硅谷之火 : 个人计算机的诞生与衰落（第3版）,7.9,迈克尔·斯韦因、保罗·弗赖伯格 / 陈少芸、成小留、朱少容 / 人民邮电出版社 / 2019-10-30 / 99.00元,纸质版 73.70元,本书是一部微型计算机发展史，让读者了解整个20世纪以及至21世纪初计算机从兴起到鼎盛直至今天受到平板电脑和手机等电子产品冲击的整个过程，是一本集历史故事与小...
智慧的疆界 : 从图灵机到人工智能,9.1,周志明 / 机械工业出版社 / 2018-1-1 / 56.9,纸质版 50.60元,这是一部对人工智能充满敬畏之心的匠心之作，由《深入理解Java虚拟机》作者耗时一年完成，它将带你从奠基人物、历史事件、学术理论、研究成果、技术应用等5个维度...
浪潮之巅（第四版）（上下册）,9.1,吴军 / 人民邮电出版社 / 2019-6 / 139.00元,纸质版 65.33元,这不只是一部科技产业发展历史集…… 更是在这个智能时代，一部IT人非读不可，而非IT人也应该阅读的作品。 一个企业的发展与崛起，绝非只是空有领导强人即可达成...
失控 : 全人类的最终命运和结局,8.6,[美] 凯文·凯利 / 东西文库 / 新星出版社 / 2010-12 / 88.00元,纸质版 58.60元,"《失控》，全名为《失控：机器、社会与经济的新生物学》（Out of Control: The New Biology of Machines, Social..."
世界文明中的技术,7.6,[英]阿诺德·佩西、[英]白馥兰 / 朱峒樾 / 中信出版集团 / 2023-1 / 88,纸质版 60.40元,【内容简介】 本书概述了自公元1000年起、横跨千年的世界技术发展传播史。这场讨论围绕着三个关键概念展开：技术对话、环境制约、工业革命。作者使用了“技术对话...
芯片浪潮 : 纳米工艺背后的全球竞争,8.8,余盛 / 电子工业出版社 / 2023-6 / 89.00元,纸质版 44.50元,本书全景式展现了芯片行业关键的几十年发展历程，以详细的数据分析和严谨的史实考证为基础，以台积电、联华电子、三星、英特尔等关键企业的发展为线索，铺陈出整个行业...
技术的本质（经典版） : 技术是什么，它是如何进化的,7.7,[美]布莱恩·阿瑟(W.Brian Arthur) / 曹东溟、王健 / 浙江人民出版社 / 2018-6-1 / 79.90元,纸质版 48.70元,[内容简介] ●《技术的本质》（经典版）是布莱恩•阿瑟所创建的一套关于技术产生和进化的系统性理论。 ●本书是打开“技术黑箱”的钥匙，它用平实的语言将技术本质...
问道前沿：科技如何构筑我们的未来,6.7,杨国安 / 中信出版集团 / 2023-9,纸质版 44.20元,近年来，人工智能发展非常迅速，在可以预见的未来，它必然会强烈冲击并深刻变革人类既有的生活模式。实际上，除技术问题外，人工智能的逻辑基础和伦理基础与哲学之间的...
埃隆·马斯克 : 脑机接口与人类永生,8.1,(日) 滨田和幸 / 孙律 / 浙江人民出版社 / 2023-7-1 / 58.00元,纸质版 30.90元,其实，你我以及所有人正在经历的现实，可能正在其他很多宇宙中一遍又一遍地发生。每种历史都会无限次地频繁上演。但即便如此，生命和意识也终将化为乌有，一切创造都将...
人工智能哲学十五讲,8.8,徐英瑾 / 北京大学出版社 / 2021-7 / 65,纸质版 44.20元,★《新京报书评周刊》《上海书评》推荐图书 ★《新周刊》推荐推文阅读量10万+ ★胡泳作序推荐，梁小民、刘海龙等多位专家读后好评 ★当大厂外包、打零工、无偿兼...
直到时间的尽头 : 追寻宇宙、生命和意识的最终意义,7.2,[美国] 布赖恩·格林 / 舍其 / 海南出版社 / 2023-1-31 / 79.00,纸质版 54.60元,✺给每个人的生命健康常识课 ✺揭示癌症奥秘，直抵医学真相 ✺国际知名医师杰森·冯对癌症的全新见解 ✺北京大学肿瘤学博士吴舟桥审校并作序推荐 ✺医学博士、脑科...
一人公司 : 失业潮中的高新技术工作者,9.0,[美] 卡丽·莱恩 / 李磊 / 广东人民出版社 / 2024-1 / 78.00元,纸质版 39.00元,编辑推荐： 1.华为创始人任正非、西湖大学校长施一公亲自推荐! 2.硅谷投资人吴军、著名经济学家向松祚、阿里巴巴副总裁华先胜、阿里达摩院量子实验室主任施尧耘...
癌症密码,7.7,[加拿大]杰森·冯 / 杨诚 / 北京联合出版公司 / 2023-1 / 68.00,纸质版 34.00元,这是对埃隆·马斯克和 SpaceX 公司初创时期艰难岁月的记录。跟马斯克一起工作是什么体验？本书讲述了36位初创成员与他共同疯魔、此生难忘的飞天故事。 20...
科学：无尽的前沿,8.7,范内瓦·布什、拉什·D.霍尔特 / 崔传刚 / 中信出版集团 / 2021-5-1 / 59.00元,纸质版 38.40元,《麻省理工科技评论》（MIT Technology Review）从2001年开始，每年都会发布“全球十大突破性技术”，并预测其大规模商业化的潜力，以及对人...
冲向火星 : 马斯克和 SpaceX 的初创故事,7.3,[美] 艾瑞克·伯格 / 张含笑 / 花山文艺出版社 / 2023-6 / 68.00元,纸质版 48.00元,⭐️2023年深圳读书月“年度十大好书” “年度好书大赏·评委赏” ⭐️2018年费正清奖 ⭐️2019年列文森图书奖获奖作品 艺术家徐冰作序推荐 本书以...
科技之巅（20周年珍藏版） : 全球突破性技术创新与未来趋势,9.1,DeepTech深科技 / 人民邮电出版社 / 2023-1-1 / 169.8,纸质版 98.00元,腾讯官方唯一授权的权威传记 著名财经作家吴晓波倾力之作 当市值最高的中国互联网公司，遇上中国财经界最冷静的一双眼睛 读懂腾讯，读懂中国互联网 . 内容简介 ...
中文打字机 : 一个世纪的汉字突围史,7.8,[美] 墨磊宁 / 张朋亮 / 广西师范大学出版社 / 2023-1 / 98.00元,纸质版 76.40元,凯特·克劳福德通过引入地图集的方式来讨论塑造人工智能的经济、政治、文化和历史力量，只有将人工智能与这些更广泛的结构和社会系统联系起来，才能够摆脱纯粹技术概念...
腾讯传 : 中国互联网公司进化论,7.8,吴晓波 / 浙江大学出版社 / 2017-1-1 / 58.00元,纸质版 43.00元,本书从人工智能（AI）的发展历史讲起，介绍了目前非常热门的深度学习加速芯片和基于神经形态计算的类脑芯片的相关算法、架构、电路等，并介绍了近年来产业界和学术界...
技术之外 : 社会联结中的人工智能,8.8,[美]凯特·克劳福德（Kate Crawford） / 丁红、方伟、李红澄 / 中国原子能出版社、中国科学技术出版社 / 2024-3,纸质版 34.50元,A potent exploration of the power of blockchains to reshape the future of the ...
AI芯片：前沿技术与创新未来,,张臣雄 / 人民邮电出版社 / 2021-3 / 159.8,纸质版 139.10元,本书全面、深入地探讨了人工智能（AI）领域的理论和实践，以统一的风格将当今流行的人工智能思想和术语融合到引起广泛关注的应用中，真正做到理论和实践相结合。 全...
Read Write Own : Building the Next Era of the Internet,9.3,Chris Dixon / Random House / 2023-3-20 / USD 28.00,纸质版 99.00元,"From the author of Steve Jobs and other bestselling biographies, this is the a..."
人工智能（第4版） : 现代方法,8.5,[美] Stuart Russell、[美] Peter Norvig / 张博雅、陈坤、田超、顾卓尔、吴凡、赵申剑 / 人民邮电出版社 / 2022-11 / 198.00元,纸质版 135.00元,近年来，互联网持续震动着全世界各个行业以至于整个经济规则……在中国，以小米为代表的各类“互联网思维”轰轰烈烈地颠覆着各个行业……而这一切的一切，凯文凯利早就...
Elon Musk,8.5,Walter Isaacson / Simon & Schuster / 2023-9-12 / USD 35.00,纸质版 22.50元,一个 AI 的自白，以第一人称视角，通俗易懂地讲述 AI 的来龙去脉，生动活泼地表达 AI 的技术原理。从历史到未来，跨越百年时空；从理论到实践，解读AI大...
技术史（第Ⅰ卷） : 远古至古代帝国衰落,9.9,查尔斯•辛格、E.J. 霍姆亚德、A.R. 霍尔 / 王 前、李英杰、孙希忠 / 中国工人出版社 / 2021-6 / 278.00,纸质版 169.80元,《技术史》共八卷，本卷为第一卷，主要关注远古至古代帝国衰落（史前至约公元前500年）时期的技术。这一阶段开始于50多万年前，人类的灵巧性已经得到出色发展。本...
技术垄断 : 文化向技术投降,8.0,[美]尼尔•波斯曼 / 何道宽 / 中信出版社 / 2019-4-1 / 58.00,纸质版 38.60元,本书与《童年的消逝》《娱乐至死》并称尼尔•波斯曼的“媒介批评三部曲”，其一以贯之的主题是检讨技术对人类社会生活、文化、制度的负面影响。 作者认为，技术和人的...
富足（经典版）,7.7,[美]彼得·戴曼迪斯、[美]史蒂芬·科特勒 / 贾拥民 / 浙江人民出版社 / 2016-11 / 79.90元,纸质版 55.90元,● 实现生活富足是人类最大的挑战，《富足》告诉我们应该怎样奋起迎接这个挑战。 ● 水、食物、住所／能源、教育、信息通信技术／自由、健康／构成了“富足金字塔”...
哥德尔、艾舍尔、巴赫 : 集异璧之大成,9.4,[美] 侯世达 / 严勇、刘皓明、莫大伟 / 商务印书馆 / 1997-5 / 88.00元,纸质版 96.00元,集异璧－GEB，是数学家哥德尔、版画家艾舍尔、音乐家巴赫三个名字的前缀。《哥德尔、艾舍尔、巴赫书：集异璧之大成》是在英语世界中有极高评价的科普著作，曾获得普...
未来呼啸而来,7.3,彼得·戴曼迪斯（Peter H.Diamandis）、史蒂芬·科特勒（Steven Kotler） / 贾拥民 / 北京联合出版公司 / 2021-1-5 / 89.90元,纸质版 54.80元, 作者彼得·戴曼迪斯和史蒂芬·科特勒全面展示了商业创业风口上的9大指数型技术——量子计算、人工智能、网络、机器人、虚拟现实与增强现实、3D打印、区块链、材...
七堂极简物理课,8.4,[意] 卡洛·罗韦利 / 文铮、陶慧慧 / 湖南科学技术出版社 / 2016-5 / 39.00元,纸质版 26.00元,在本书中，意大利物理学家卡洛•罗韦利，用诗一般简洁优美的语言，向读者讲述了20世纪以来现代物理学的伟大理论发现。相对论、量子力学、宇宙的结构、空间的颗粒、时...
未来志 : The Future Then,9.0,美国《大众科学》 / 陶凌寅 / 新星出版社 / 2020-6 / 168.00元,纸质版 99.10元,一本毫不枯燥的科技史启蒙书。 以十足的幽默笔调和精彩绝伦的插画，呈现一百多年来的科技进步。 航空、医学、通讯、天文、交通……一本书囊括现代科学各行业，堪称科...
发明：改变我们生活的技术突破 : 改变我们生活的技术突破,8.4,[英] 理查德·普拉特 文、[英] 詹姆斯·布朗 图 / 跃钢 / 北京联合出版公司 / 2020-6 / 110.00元,纸质版 30.60元,DK金牌作者讲解文明史关键发明与发现，著名时尚设计师操刀原理和结构的信息可视化，超大开本科普30项改变世界的技术突破：火、钟表、马桶、无线电、互联网…… ◎...
改变心理学的40项研究,9.2,罗杰•霍克 (Roger R. Hock) / 白学军 / 人民邮电出版社 / 2010-8-1 / 28.00元,纸质版 87.30元,本书的独到之处在于填补了心理学书籍和心理学研究之间的沟壑，从历史的角度展示了心理学史上最有名的40项研究，并介绍了这些研究的后续进展和相关研究。通过阅读本书...
系统架构 : 复杂系统的产品设计与开发,8.9,爱德华·克劳利（Edward Crawley）、布鲁斯·卡梅隆（Bruce Cameron）、丹尼尔·塞尔瓦（Daniel Selva） / 爱飞翔 / 机械工业出版社 / 2017-1 / 119.00,纸质版 39.00元,本书由系统架构领域3位领军人物亲笔撰写，该领域资深专家Norman R. Augustine作序推荐，Amazon全五星评价。 全书共分四部分。 第一部分（...
硬科技：大国竞争的前沿,6.7,国务院发展研究中心国际技术经济研究所 西安市中科硬科技创新研究院 / 中国人民大学出版社 / 62.80元,纸质版 28.04元,硬科技是对经济社会发展具有支撑作用的关键核心技术，是技术系统中的重要节点，将引领产业变革和社会进步。实现硬科技的突破，将助力我国在新一轮产业革命中占据领先优...
科学之魂 : 爱因斯坦、海森堡、玻尔关于不确定性的辨论,8.5,[英]戴维·林德利 / 李永学 / 浙江人民出版社 / 2018-10 / 55.00,纸质版 36.00元,★权威媒体鼎力推荐： 《自然》《发现》《新科学家》《科学美国人》 《今日美国》 《经济学人》 《纽约时报》 《出版人周刊》 林德利捕捉到了斗争中的激情，既展...
侧扫声呐水下图像处理,6.4,中国矿业大学出版社 / 2020,纸质版 48.30元,（1）国际大腕“数字经济之父”继畅销书《维基经济学》之后再出力作！ （2）一本真正全景式描述区块链理论及应用的巨著！ （3）苹果共同创始人史蒂夫·沃兹尼亚克...
区块链革命 : 比特币底层技术如何改变货币、商业和世界,6.9,[加]唐塔普斯科特（Don Tapscott）、[加]亚力克斯·塔普斯科特(Alex Tapscott) / 中信出版社 / 2016-10 / 69,纸质版 38.90元,随着人工智能和自动化的迅猛发展，人们一方面因科技的进步而享受到便利，另一方面又担心自己可能被机器取代，尤其在“后疫情时代”，面对充满不确定性的疫情变化，远程...
智能时代的九大生存法则,5.7,凯文·鲁斯（Kevin Roose） / 桂曙光、任溶 / 中信出版集团 / 2023-1 / 59,纸质版 56.50元,数据自古有之，它是对万事万物的精确刻画，也是对客观世界的普遍记录。伴随着信息爆炸与技术革新，大数据正以排山倒海之势席卷世界，影响着社会生产生活的方方面面，不...
善数者成：大数据改变中国（中宣部2019年主题出版重点出版物）,7.7,涂子沛、郑磊 / 人民邮电出版社 / 2019-9 / 69.00元,纸质版 208.80元,在本书中，Lakos介绍了将大型系统分解成较小且较好管理的组件层次结构（不是继承）的过程。这种具有非循环物理依赖的系统的维护、测试和重用从根本上比相互紧密依...
大规模C++程序设计,8.8,John Lakos / 李师贤、明仲、曾新红、刘显明 等 / 中国电力出版社 / 2003.9 / 72.00,纸质版 60.60元,西蒙教授说，科学的目标在于让精妙复杂的东西变得简单易懂，却又不失其惊奇之处！本书作为人工智能领域的一本经典，对人工智能领域所涉及的各学科均做出了独到的分析。...
人工智能科学,8.2,赫伯特·A.西蒙 / 陈耿宣、陈桓亘 / 中国人民大学出版社 / 2023-3 / 88元,纸质版 34.70元,[内容简介]  《系统之美》是一本简明扼要的系统思考入门指南，也是认识复杂动态系统的有力工具，帮助大家提高理解和分析身边系统的能力。小到个人问题，大到全球...
我从太空考古,8.3,[美]萨拉·帕卡克 / 陈召强 / 中信出版集团 / 2023-10,纸质版 52.60元,浪漫主义与工业文明曾被认为是对立的两端。本书揭示了在19世纪早期的法国，科学与艺术是如何交织在一起，使社会从长期动荡中恢复过来。作者特雷希致力于现代早期历史...
浪漫机器 : 拿破仑之后的乌托邦科学与技术,9.3,[美]约翰·特雷希 / 刘慧宁、石稷馨 / 中国科学技术出版社 / 2023-1 / 128,纸质版 55.88元,《技术与文明》荣获第一届（2021）亚洲图书奖（The Asia Book Awards ） 第十七届文津图书奖推荐图书 【编辑推荐】 我们有石器时代的情感...
技术与文明 : 我们的时代和未来,7.9,张笑宇 / 广西师范大学出版社 / 2021-3 / 88,纸质版 58.60元,【内容简介】 随着生物技术、纳米技术、信息技术（大数据和互联网）、认知科学（人工智能和机器人）的发展，以及人机混合技术、3D打印技术（尤其在医学上）的广泛运...
超人类革命 : 生物科技将如何改变我们的未来？,7.3,[法] 吕克·费希 / 周行 / 湖南科学技术出版社 / 2017-10 / 45.00,纸质版 19.80元,吴军博士从对人类文明产生了重大影响却在过去被忽略的历史故事里，选择了有意思的几十个片段特写，以人文和科技、经济结合的视角，展现了一幅人类文明发展的宏大画卷。...
文明之光,9.2,吴军 / 人民邮电出版社 / 2017-5-1 / CNY 246.00,纸质版 39.50元,在当今这个时代，我们经常默认社会交往空间仅仅属于人类以及人际交往关系。然而机器人作为全新交往“伙伴”——不管是作为人类伙伴的替代还是补充——的出现，都在挑战...
社交机器人：界限、潜力和挑战,9.0,柳帅 张英飒 / 北京大学出版社 / 2021-11-1 / 79.00,纸质版 54.50元,本书是对以数据深度需求为中心的科学、研究以及针对计算和统计方法的参考书。本书共五章，每章介绍一到两个Python数据科学中的重点工具包。首先从IPython...
Python数据科学手册,9.3,[美] Jake VanderPlas / 陶俊杰、陈小莉 / 人民邮电出版社 / 2018-1-20 / 109.00元,纸质版 34.00元,全书聚焦用结构化汇报破解职场中汇报难题这一主题，围绕商务活动中的具体情境和案例，主要介绍结构化汇报的基本要求、特点和方法，分析如何在口头汇报工作、书面汇报工...
结构化汇报：如何呈现工作成果、产品与自我能力,8.7,黄漫宇 / 机械工业出版社 / 2024-2 / 68,纸质版 59.30元,党的二十大报告指出，“要坚持以推动高质量发展为主题，把实施扩大内需战略同深化供给侧结构性改革有机结合起来，增强国内大循环内生动力和可靠性，提升国际循环质量和...
大国产业链,6.2,中金公司研究部 / 中信出版社 / 2023-3-1,纸质版 17.90元,《科技之光》是“国民教育通识读本”系列之一，介绍了人类史上对科技文明与进步起到举重若轻作用的天才大师的经典巨作，以及新科研技术创新，解读了这些发明的历程及对...
科技之光 : 国民教育通识读本 科技卷,9.5,扈永进 / 江苏凤凰文艺出版社 / 2017-4 / 39.8,纸质版 37.60元,《无穷的开始》是一次大胆的、包罗万象的智力探险。戴维·多伊奇探索那些使我们理解现实世界怎样运转的重大问题。《真实世界的脉络》描述了我们当前知识中最深刻的4条...
无穷的开始 : 世界进步的本源,8.2,[英]戴维·多伊奇（David Deutsch） / 王艳红、张韵 / 人民邮电出版社 / 2014-11 / 59.00元,纸质版 82.60元,《马道成功:创业教父马云的经营哲学》详细介绍了马云在创办和经营企业时对所涉及的企业与客户、员工、股东、社会、同行等多个关系的处理方法和理念，结合阿里巴巴履行...
马道成功 : 创业教父马云的经营哲学,8.2,高强 / 人民邮电出版社 / 2011-12 / 38.00元,纸质版 51.40元,本书追溯梦想成真的源头：来自苹果计算机公司某个不起眼角落里的麦金托什计算机开发小组。历数麦金托什的开发始末，从远自1979年的充满梦幻的研究计划起，至198...
苹果往事 : 开发麦金托什的非凡岁月,8.2,[美] 安迪·赫茨菲尔德 / 洪慧芳 / 电子工业出版社 / 2010-01 / 48.00元,纸质版 48.10元,"Israel leads the world in start-ups, particularly in the tech sector, and Seno..."
Start-up Nation : The Story of Israel's Economic Miracle,9.6,Dan Senor、Saul Singer / Twelve / 2009 / USD 26.99,纸质版 20.00元,http://neuralnetworksanddeeplearning.com/
Neural Networks and Deep Learning,8.8,Michael Nielsen / 2016-1,纸质版 44.48元,这是一本关于京东方的再创业史。记录了京东方在一个全球高技术工业中的史诗般崛起。通过讲述这个真实的故事——真实的团队在真实的世界里创造出来的真实业绩——解释了...
洞察AIGC：智能创作的应用、机遇与挑战,8.3,,纸质版 77.80元,《洞察AIGC：智能创作的应用、机遇与挑战》内容分为 3 篇：第 1 篇“AIGC 的蜕变”讲述 AIGC 的发展历史及其背后的智能；第2 篇“AIGC 的...
必然,8.5,[美] 凯文·凯利 / 周峰、董理、金阳 / 电子工业出版社 / 2016-1 / 58.00元,纸质版 25.80元,凯文·凯利对于经济和社会发展的趋势有着深刻的见解。20年前，他的《失控》一书，便已预见了当下几乎所有的互联网经济热点概念，如：物联网、云计算、虚拟现实、网络...
编程宇宙 : 量子计算机科学家解读宇宙,7.7,赛斯·劳埃德 / 张文卓 / 中国科学技术大学出版社 / 2022-5-1 / 60,纸质版 37.00元,编辑推荐 量子计算科学家的宇宙之书！量子科技版的《时间简史》和《宇宙的琴弦》！美国《书单（Booklist）》杂志年度最佳科学图书！2004年诺贝尔物理学奖...
时间旅行简史,9.2,[美国] 詹姆斯·格雷克 / 楼伟珊 / 人民邮电出版社 / 2017-10 / 49.00元,纸质版 31.00元,现如今，时间旅行已经深深渗透进我们的文化，几乎随处可见。但可能出乎我们大多数人意料，时间旅行其实是一个晚近的发明，“一种现代幻想”。当H.G. 威尔斯在十九...
平面国 : 多维空间传奇往事,7.1,[英] 埃德温·A.艾勃特 / 鲁冬旭 / 上海文化出版社 / 2020-8 / 39.80元,纸质版 19.90元,"很难简单概括《平面国》这本书。 它可以是：首次解释""维度""概念的科普读物、脑洞大开的科幻小说、煞有介事的数学童话、剑走偏锋的精神启蒙、辛辣讽喻英国维多利亚时..."
我们的后人类未来 : 生物科技革命的后果,8.1,[美] 弗朗西斯·福山 / 黄立志 / 广西师范大学出版社 / 2017-1 / 58.00元,纸质版 45.30元,福山在1989年提出现已家喻户晓的宣示，我们所知的历史已臻于终点。十年后，他修正自己的论点：我们还没抵达历史终点，因为，我们仍未臻于科学终点。在这部著作中，...
不拘一格 : 网飞的自由与责任工作法,8.0,[美] 里德·哈斯廷斯、[美] 艾琳·迈耶 / 杨占 / 中信出版社 / 2021-1-1 / 69.00,纸质版 44.90元,网飞，一家市值超2000亿美元，全球付费订阅用户超1.9亿，业务版图遍布近200个国家和地区的商业巨头。 作为创始人兼 CEO，里德·哈斯廷斯引领网飞实现了...
AI智能化办公：ChatGPT使用方法与技巧从入门到精通,7.6,李婕、高博、袁瑗 编著 / 北京大学出版社,纸质版 47.50元,白宫智囊探访全球数十个稀有金属重镇， 拜会数百位行业精英，结合宏观趋势观察 抽丝剥茧解读稀有金属产业幕后的力量角逐 ◎ 编辑推荐 ☆小到电动牙刷、手机，大到...
决战元素周期表 : 稀有金属如何支撑科技进步，变革人类生活，左右世界格局？,8.5,[美] 大卫·S.亚伯拉罕 / 柳林 / 四川人民出版社 / 2018-9 / 39.80元,纸质版 20.38元,科技想要什么》一书中，凯文·凯利预测了未来数十年科技的12种趋势，包括创造大脑这一得寸进尺之举。不过，为了让人类创造的世界实现收益最大化，需要对这种全球体系...
科技想要什么,8.3,[美]凯文·凯利 / 严丽娟 / 电子工业出版社 / 2016-1 / 58.00元,纸质版 38.80元,算法正在无形地塑造我们的世界。新闻推送、搜索排名、信用评分、行政决策、甚至审判量刑，都以源源不断的数据驱动的算法深入社会生活的各个角落，成为资源分配者与权力...
权力之治：人工智能时代的算法规制,8.5,张凌寒 / 上海人民出版社 / 2021-5 / 96,纸质版 48.00元,《精益创业:新创企业的成长思维》内容简介：我们正处在一个空前的全球创业兴盛时代，但无数创业公司都黯然收场，以失败告终。精益创业代表了一种不断形成创新的新方法...
精益创业 : 新创企业的成长思维,6.5,[美] 埃里克·莱斯 / 吴彤 / 中信出版社 / 2012-8 / 49.00元,纸质版 31.80元,为什么印度的整体社会发展缓慢，而软件出口却独领风骚？为什么美国的IT公司不断裁人，同时又引进外国雇员？作者基于在印度、澳大利亚和马来西亚长达两年的人类学实地...
全球“猎身” : 世界信息产业和印度技术劳工,8.8,项飙 / 王迪 / 北京大学出版社 / 2012-1-1 / 36.00元,纸质版 29.00元,ChatGPT一经问世，在全球范围内引起巨大轰动，GPT-4接入未来办公软件更是让人震惊，而且技术正在以前所未有的速度快速迭代。那么，以这些技术为代表的生成...
生成式人工智能 : AIGC的逻辑与应用,8.4,丁磊 / 中信出版社 / 2023-5 / 69,纸质版 41.40元,※ 2021年度豆瓣读书·科学新知榜第4位 ※ 微积分是人类历史上的伟大思想成就之一，也是数学领域不可或缺的一个重要分支。除此之外，我们更应该关注的事实是：...
微积分的力量,6.2,[美] 史蒂夫·斯托加茨 / 任烨 / 中信出版集团 / 2021-1 / 69.00元,纸质版 30.60元,人类从什么时候开始渴望飞行？ 1000年来的科学家和冒险者都做过哪些飞行的尝试？ 飞机和火箭的历史上有哪些里程碑式的技术突破？ 莱特兄弟之前的几百年，飞机设...
如何离开地球表面 : 人类航空航天小史,8.2,卢西 / 北京日报出版社 / 2021-11 / 69.00元,纸质版 37.69元,"When electronic digital computers first appeared after World War II, they appe..."
技术人创业攻略,8.7,张兰 / 电子工业出版社 / 2016-6-1 / 69.00,纸质版 43.90元,《技术人创业攻略》由作者耗时一年半深度采访 37位 IT/ 互联网行业具有代表性的技术人后所著，内容偏重于探索程序员的内心世界、技术人成长的力量，以及对技术...
ToB的本质：行业逻辑与商业运作,8.7,[美]尚书 著 / 机械工业出版社 / 2023-6-29 / 99元,纸质版 68.30元,本书从哲学高度和底层逻辑视角剖析了中国ToB行业过去30年沉积下来的弊病和面临的各种困局，作者基于自己在ToB行业深耕10余年后的丰富实践、深度洞察和系统思...
硅谷革命 : 成就苹果公司的疯狂往事,8.3,[美] Andy Hertzfeld / 薛命灯 / 电子工业出版社 / 2017-9-1 / 89.00元,纸质版 128.00元,大苹果机（Macintosh）是一种革命性的产品。它的出现永远改变了计算机这种工具的样貌。革命的背后当然不会只有一个推手， 而参与革命的人群也不会永远是固定...
机器人短篇全集,9.3,[美] 艾萨克·阿西莫夫 / 叶李华 / 江苏文艺出版社 / 2014-1-1 / 46.00元,纸质版 29.95元,机器人学三大法则： 机器人不得伤害人类，或因不作为而使人类受到伤害。 除非违背第一法则，机器人必须服从人类的命令。 在不违背第一及第二法则的情况下，机器人必...
人类死亡史 : 从瘟疫到癌症,8.1,[英] 安德鲁·多伊格 / 项冶 / 中信出版社 / 2024-1-10 / 58,纸质版 37.70元,【编辑推荐】 ◆《经济学人》2022年度最佳图书；《卫报》2022年度最佳科普图书。 ◆多角度、多层级审视人类与生俱来、无法回避的永恒问题。 ◆以丰富的史料...
成为提问工程师,7.9,方军、柯洲、谭星星 / 人民邮电出版社 / 2024-1,纸质版 40.33元,随着技术发展，各种AI产品层出不穷。人人都使用过AI，但真正做到用AI提升工作和学习效率的人却很少。原因是大多数使用者，不会专业地提问。如果能正确地提问，A...
AIGC重塑教育：AI大模型驱动的教育变革与实践,7.4,刘文勇 / 机械工业出版社 / 2023-11-1 / 79.00,纸质版 56.69元,这本书能全面指导教师、家长、学生系统认识以ChatGPT为代表的AIGC技术为教育和学习带来的深远影响，并快速了解和掌握目前主流的AIGC工具在不同教育和学...
赡养人类,8.7,刘慈欣 / 中国华侨出版社 / 2016-7 / 38.00元,纸质版 29.50元,一个职业杀手的经历，一个看似荒谬的故事。 财富和技术向着少数人集中，各个方面的贫富差距变大。突发的状况，使得富人开始向穷人抛洒财富，甚至需要 “雇佣杀手来消...
计算机与人脑,8.3,冯·诺伊曼 / 甘子玉 / 北京大学出版社 / 2010-6 / 34.00元,纸质版 27.40元,《计算机与人脑》作者对计算机的运算和人脑思维的过程进行了比较研究，具有高度的前瞻性，为机器人研究指明了方向。《计算机与人脑》形象生动，图文并茂，对广大青少年...
Web3：互联网的新世界,7.4,张雅琪、卫剑钒、刘勇 / 中译出版社（原中国对外翻译出版公司） / 2023-3 / 79,纸质版 37.00元,Web3的发展，不仅仅基于技术，还是人文社会思潮与金融经济共同作用的结果。加密文化的诞生、处于金融危机的大背景之下、人们对于传统金融模式的反思等因素催生了个...
寄生虫星球 : 站在食物链顶端，寄生虫控制着进化……,9.1,[美]卡尔·齐默 / 姚向辉 / 天津科学技术出版社 / 2022-1-31 / 58,纸质版 29.00元,想象一个世界，在那里寄生虫控制宿主的思想，万劫不复。 想象一个世界，寄生虫是化学战和伪装的大师，用宿主的身体伪装自己。 想象一个世界，在那里寄生虫引导进化，...
科学革命的结构,9.0,托马斯·库恩 / 张卜天 / 北京大学出版社 / 2022-7-21 / 79.00元,纸质版 45.90元,这是20世纪学术史上极有影响的著作之一，是科学史与科学哲学研究者们不可不读的基本文献。它引发了一场认识论的大变革，成为科学哲学史上一道重要的分水岭。其影响不...
爱因斯坦的梦,8.7,[美] 阿兰·莱特曼 / 黄纪苏 / 接力出版社 / 2005-2-1 / 18.00元,纸质版 33.13元,本书是由美国麻省理工学院物理学与人文学教授阿兰・莱特墁 创作的一部小说，篇幅不长，却字字珠玑。小说以1905年的瑞士伯尔尼市镇生活为背景，虚构出了若干爱因斯...
前方的路,7.6,阮一峰 / 人民邮电出版社 / 2018-6 / 49.00元,纸质版 49.50元,本书为阮一峰博客文集，囊括了作者对各种问题的思考，围绕的主题是试图理解这个世界。书中内容非常广泛，涉及文学、历史、科技、影视等方面，作者对打动自己的、具有深...
数字化转型认知与实践,7.9,雷万云、韩向东 / 清华大学出版社,纸质版 59.00元,共10章，47个专题，近300张图片（包括书末40余幅珍贵图片，既有著名的科学家，也有珍贵的原型器件和先进的仪器设备）。首先概述了半导体研究的对象、范围和早...
半导体的故事,8.5,(英)约翰·奥顿 / 姬扬 / 中国科学技术大学出版社 / 2015-1-1 / 78.00,纸质版 39.50元,本书详细介绍了如何在芯片公司做好产品管理和市场营销，着重讲述在芯片产业中产品管理者的各方面工作，总结了全球成功的芯片公司的产品开发管理和市场营销较为普遍的运...
我在硅谷管芯片：芯片产品线经理生存指南,9.2,清华大学出版社,纸质版 411.84元,本书是《俄罗斯航空发动机制造史》丛书的上册，主要讲述第24号工厂的早期发展阶段（1912—1945年）。第一次世界大战后，在这个坚实的基础上发展了两家著名的...
俄罗斯航空发动机制造史（上）,6.9,Г.В.斯米尔诺夫 / 向巧、宁喜钰、王良、李娟 / 航空工业出版社 / 2015-3-1 / 60.00元,纸质版 46.30元,《上帝掷骰子吗》这本书是关于量子论的故事。量子论是一个极为奇妙的理论：从物理角度来说，它在科学家中间引起了最为激烈的争议和关注；从现实角度来说，它给我们的社...
Excel高效办公：文秘与行政办公(AI版) 凤凰高新教育出品 : 凤凰高新教育出品,7.3,凤凰高新教育 编著 / 北京大学出版社,纸质版 64.90元,本书为大模型应用开发极简入门手册，为初学者提供了一份清晰、全面的“最小可用知识”，带领大家快速了解GPT-4和ChatGPT的工作原理及优势，并在此基础上使...
大模型应用开发极简入门 : 基于GPT-4和ChatGPT,8.9,[比] 奥利维耶·卡埃朗（Olivier Caelen）、[法] 玛丽–艾丽斯·布莱特（Marie-Alice Blete） / 何文斯 / 人民邮电出版社 / 2024-2 / 59.8元,纸质版 29.90元,本书讲述的是计算机工作原理。作者用丰富的想象和清晰的笔墨将看似繁杂的理论阐述得通俗易懂，你丝毫不会感到枯燥和生硬。更重要的是，你会因此而获得对计算机工作原理...
代码2.0 : 网络空间中的法律,9.3,[美] 劳伦斯·莱斯格(Lawrence Lessig) / 李旭、沈伟伟 / 清华大学出版社 / 2018-10 / 79.80元,纸质版 59.90元,这是一位笑看风云、功成名就的“老江湖”的心路历程—— 从最原始的“汽油马车”，到开辟私家轿车新纪元的T型车，直至今天的福特“嘉年华”；从密歇根州的农民...
编码 : 隐匿在计算机软硬件背后的语言,8.3,[美] Charles Petzold / 左飞、薛佟佟 / 电子工业出版社 / 2010 / 55.00元,纸质版 389.80元,通过本书你可以把握近几十年来令人兴奋的创新浪潮，前瞻式了解石墨烯在人工智能、星际探索、基因工程、脑机接口等前沿领域正在创造的奇迹，深刻洞察现代文明即将面临的...
我的生活与工作,7.2,亨利·福特（美） / 梓浪、莫丽芸 / 北京邮电大学出版社 / 2005 / 27.6,纸质版 30.13元,大多数的企业管理的书籍都会告诉你：制定商业计划、分析竞争形势、寻找投资人等等。如果你要找的是那样的书，那么把这本书放回书架吧。 这本书呈现的是一种更好、更简...
未来黑科技通史,8.2,［美］莱斯·约翰逊（Les Johnson）、［美］约瑟夫·米尼（Joseph Meany） / 新宇智慧 / 中国科学技术出版社 / 2022-6 / 59.80元,纸质版 29.90元,要不要吃人造肉？什么样的食物才对我们真正有益？ 第一次用调查报道揭开食品技术初创公司的内幕，打破未来食品的神话 ◎ 编辑推荐 ✦ 以人造肉为代表的新型食品来...
重来 : 更为简单有效的商业思维,7.7,[美] 贾森·弗里德、[丹] 戴维·海涅迈尔·汉森 / 李瑜偲 / 中信出版社 / 2010-10 / 36.00元,纸质版 20.83元,在大数据时代，我们常常以为自己拥有做出正确决策所需的所有信息。但事实上，我们拥有的信息从来都不完整，可能只是冰山一角。正如宇宙大部分是由暗物质组成的，尽管我...
炫技的食品,6.5,[美] 拉丽莎·津贝洛夫 / 森宁 / 九州出版社 / 2023-2 / 58.00元,纸质版 38.60元,这是一部女性健康科普著作，图书出版后在德国医学界和科普界收获了一致盛赞，领衔了各大健康百科及女性健康图书榜单。 这是一部温情的女性身体启蒙著作。许多女性对自...
暗数据 : 如何发现被我们忽视的重要信息,8.6,[美]戴维·汉德 / 陈璞 / 中信出版集团 / 2022-1 / 69.00元,纸质版 46.00元,两位作者持续多年扎根人工智能前沿领域，这本书是他们在科学研究的过程中蹦出的意外火花。因为这一全新发现并不是直接回馈于他们本身所处的人工智能领域，而是“无心插...
身体由我 : 关于了不起的女性身体的一切,7.3,[德] 希拉·德利兹 著、[德] 路易莎·施托默尔 绘、[德国] 希拉·德利兹 / 马心湖 / 北京科学技术出版社 / 2022-1 / 69.00元,纸质版 39.00元,人工智能自诞生以来，仅仅用了60多年，就已经能够识别人脸、精准推送广告、自动驾驶汽车、赢过世界围棋冠军……如今，这项技术正以指数级的增长速度发展，渗透人类生...
为什么伟大不能被计划 : 对创意、创新和创造的自由探索,7.8,[美] 肯尼斯·斯坦利、[美] 乔尔·雷曼 / 彭相珍 / 中译出版社 / 2023-4 / 79.00元,纸质版 39.50元,伽利略生于意大利，是科学史上做出划时代贡献的伟大科学家之一，是科学革命中的重要人物。其成就包括改进望远镜和其所带来的天文观测，以及支持哥白尼的日心说。伽利略...
人工智能全传,8.5,[英]迈克尔·伍尔德里奇 / 许舒 / 浙江科学技术出版社 / 2021-3-25 / 78.00元,纸质版 39.00元,【编辑推荐】 ♣ 医学界的桂冠诗人，科普写作的莎士比亚，奥利弗·萨克斯医生最后的遗作与漫长的告别： 广袤浪漫如宇宙或大脑，美丽幽深如记忆与神经，一部写给“好...
伽利略 : 天空的守望者,8.6,[英] 戴维·伍顿 / 李文锋 / 浙江大学出版社 / 2024-2 / 128.00元,纸质版 64.00元,在整个20世纪，有三项颠覆性的科学概念和技术应用把人类社会引领到新的历史阶段：“原子”的发现带来物理学的革命，“字节”的发现带来互联网的革命，“基因”的发现...
最初的爱，最后的故事,6.9,[英] 奥利弗·萨克斯 / 肖晓、周书 / 广西师范大学出版社 / 2021-7 / 59.00,纸质版 42.80元,纵观人类历史，从古希腊的德尔菲神谕到中国古代的易经占卜，出于对未知事物的恐惧，人类总是痴迷于预测未来，也正是这种恐惧为预测科学的发展提供了不竭动力。而今，打...
基因传 : 众生之源,6.7,[美] 悉达多·穆克吉 / 马向涛 / 中信出版社 / 2018-1-1 / 88.00元,纸质版 52.80元,你不经意间养成的习惯，背后都是高科技的老谋深算 慕尼黑大学心理学教授教你认清套路 看穿隐藏在数字技术背后的幸福陷阱 ◎ 编辑推荐 ☆ 排名、打卡、效率计算，...
算法与预言 : 复杂科学如何预测和改变未来,,[意]亚历山德罗·韦斯皮尼亚尼、[意]罗西塔·里塔诺 / 潘源文 / 中信出版社 / 2023-4 / 69,纸质版 46.80元,How do you thrive in an unknown future? When you can’t see past the world we h...
数字抑郁时代 : 新媒体如何改变我们对幸福的感知,7.7,[德] 萨拉·迪芬巴赫、[德] 丹尼尔·乌尔里希 / 张骥 / 民主与建设出版社 / 2022-10 / 52.00元,纸质版 37.50元,What is the secret of talent? How do we unlock it? In this groundbreaking work...
科学革命,8.8,[美] 劳伦斯·普林西比 / 张卜天 / 译林出版社 / 2013-12 / 25.00元,纸质版 21.50元,16和17世纪，人们对自然世界展开狂热探索，是为“科学革命”时期。或是出于宗教热情，或是出于实际需求，或是出于名与利的前景，或是仅仅出于求知的欲望，各色思想...
大数据之路 : 阿里巴巴大数据实践,7.8,阿里巴巴数据技术及产品部 / 电子工业出版社 / 2017-7-1 / CNY 79.00,纸质版 126.00元,在阿里巴巴集团内，数据人员面临的现实情况是：集团数据存储已经达到EB级别，部分单张表每天的数据记录数高达几千亿条；在2016年“双11购物狂欢节”的24小时...
机器情人 : 当情感被算法操控,6.9,(美)理查德·扬克 / 布晚 / 文汇出版社 / 2020-4 / 52.00元,纸质版 26.00元,机器会越来越像人，直到变成我们的敌人或情人！ 【内容简介】 人和机器到底有什么不同？这个问题有很多答案，其中情感被认为是两者根本的区别。情感不只用于繁衍后代...
无线通信简史 : 从电磁波到5G,7.3,[芬] 彼得里·劳尼艾宁 / 蒋楠 / 人民邮电出版社 / 2020-4 / 99.00元,纸质版 86.10元,《无线通信简史》生动展示了无线通信发展的万丈波澜，讲述了每一次科技进步所涉及的热点事件、个人和公司，同时特别关注每一项新发明对社会的重大影响。从早期的火花式...
产品经理的第二本书,6.7,(美)琳达•哥乔斯 / 吴振阳等 / 机械工业出版社 / 2012-9 / 39.00元,纸质版 28.10元,在《产品经理的第二本书》中，哥乔斯探讨了卓越产品经理所需的特定技能。如果你立志成为杰出的产品经理，期望能够激发起客户持久的兴奋感并为企业创造长期的竞争优势，...
网络是怎样连接的,9.1,[日] 户根勤 / 周自恒 / 人民邮电出版社 / 2017-1-1 / 49.00元,纸质版 34.90元,本书以探索之旅的形式，从在浏览器中输入网址开始，一路追踪了到显示出网页内容为止的整个过程，以图配文，讲解了网络的全貌，并重点介绍了实际的网络设备和软件是如何...
金属与肉体 : 技术如何接管人类进化,8.7,[加]奥利维耶.迪安斯 / 朱光玮 / 中国工人出版社 / 2021-1-22 / 68.00,纸质版 46.90元,本书是关于文化生物学的观察，既探索新技术所带来的对世界不同寻常的解读，也探索生命从有机物质向文化表征的转变迁移。本书主要讲述了在当下人工智能发展的时代，人类...
科学通史 : 从哲学到功用,9.1,[加]安德鲁·埃德、[加]莱斯利·科马克 / 刘晓 / 生活·读书·新知三联书店 / 2023-9 / 128.00元,纸质版 94.20元,从古希腊自然哲学的兴起，到共同应对新冠病毒感染，本书概括和梳理了近三千年来人类科学思想和文明的发展历程。科学史是一门内容庞杂的学科，一些科学史家聚焦于观念的...
半导体制造技术,8.7,Michael Quirk、Julian Serda / 韩郑生 / 电子工业出版社 / 2004-1 / 55.00元,纸质版 65.50元,《半导体制造技术》在半导体领域，技术的变化遵循着摩尔定律的快速节奏，是以月而不是以年为单位计的。《半导体制造技术》详细追述了半导体发展的历史并吸收了当今最新...
无限与视角,9.1,[美]卡斯滕·哈里斯 / 张卜天 / 商务印书馆 / 2020-11 / 88.00,纸质版 44.10元,人们往往把现代世界的兴起与科学态度在16、17世纪的出现尤其是哥白尼联系在一起。然而，要想理解现代世界的兴起，就必须理解它在中世纪的开端。全球性的现代文化是...
A Prehistory of the Cloud,8.3,Tung-Hui Hu / MIT Press / 2015-8 / USD 25.00,纸质版 33.80元,"We may imagine the digital cloud as placeless, mute, ethereal, and unmediated...."
AI会取代我们吗？,7.3,[英] 雪莉·范 著、[英] 马修·泰勒 编 / 阿芦 / 中信出版集团 / 68元,纸质版 40.30元,AI会取代我们吗？ 清晨，智能手环将你叫醒。上班路上，导航地图为你规划最佳路线。工作中，搜索引擎为你推荐最佳结果，输入法为你纠正拼写错误。晚上在家，视频网站...
遥感卫星导论,6.9,蒋卫国 等 / 科学出版社 / 49元,纸质版 17.18元,人工智能的百页全景图 关注AI就是关注人类的未来 ◎ 内容简介 百页图文，纵览AI半个多世纪的发展史，介绍AI事业在算力基础、机器学习、自然语言处理、计算机...
你好啊，人工智能 : 你的第一本前沿科技启蒙书,8.5,[日]Infovisual研究所 / 林沁 / 书海出版社 / 2023-8 / 59元,纸质版 45.50元,本书主要介绍了5G给我国电影产业带来的全新机会，5G技术渗透到电影拍摄、制作、宣传、发行、放映等环节的应用场景及相应的解决方案，5G技术融入电影产业链的具体...
少年的奇幻世界：山海经,8.1,萧磊/著 / 未来出版社,纸质版 55.00元,比尔•盖茨2017年度书单图书 高效利用能量是提升综合国力的引擎 华语世界首次引进，加拿大历史学家、科学家瓦茨拉夫•斯米尔能量研究重磅之作 从远古采集社会到...
5G+智慧电影,8.8,,纸质版 33.30元,集智俱乐部是一个从事学术研究、享受科学乐趣的探索者组成的团体，倡导以平等开放的态度、科学实证的精神进行跨学科的研究与交流，力图搭建一个中国的“没有围墙的研究...
能量与文明,6.7,[加] 瓦茨拉夫·斯米尔、Vaclav Smil / 吴玲玲、李竹 / 九州出版社 / 2021-5 / 110.00元,纸质版 55.60元,An epic account of the decades-long battle to control what has emerged as the ...
法律3.0 : 规则、规制和技术,9.0,[英]罗杰·布朗斯沃德 / 毛海栋 / 北京大学出版社 / 2023-3 / 52,纸质版 35.36元,在当前的人工智能时代，无处不在的算法和蓬勃涌现的新技术不仅是法律规制的对象，也被用作规制工具来治理和塑造着人类自身。本书通过将技术问题摆在江律思考的突出位置...
换道赛车 : 新能源汽车的中国道路,7.6,苗圩 / 人民邮电出版社 / 2024-1 / 88.00,纸质版 59.80元,以技术发展为脉络，梳理了汽车行业的百年发展史。经过详实的信息收集，还原了中国新能源汽车产业20余年的关键事件，全书详细介绍国家相关产业政策的出台过程与落实结...
Prompt魔法：提示词工程与ChatGPT行业应用,,丁博生 张似衡 卢森煌 吴楠 / 机械工业出版社,纸质版 65.30元,这是一本能指引我们每个人赢在AI时代的著作，它将教会我们在各种场景中熟练使用ChatGPT等AI工具和编写提示词，大幅提升我们的工作效率，让我们实现AI普惠...
如何思考会思考的机器,6.6,[美] 约翰·布罗克曼 / 黄宏锋、李骏浩、张羿 / 浙江人民出版社 / 2017-3 / 89.90元,纸质版 29.95元,➢如何思考会思考的机器？本书编者约翰•布罗克曼召集了约190位世界顶尖的科学家和思想家来回答这个“大问题”，并把他们的答案和论述集结成书。 ➢这本书将带你认...
自动驾驶之争,8.0,[美] 亚历克斯·戴维斯 / 李雨嘉 / 浙江科学技术出版社 / 2023-6 / 129.9,纸质版 57.50元,一本讲述整个世界如何联合起来重塑全新驾驶与出行方式的动人故事。 一本关于无人驾驶汽车开发过程中戏剧性与曲折性故事的精妙之作。 自动驾驶汽车是近年来最值得夸耀...
智慧社会 : 大数据与社会物理学,7.5,阿莱克斯·彭特兰 (Alex Pentland) / 汪小帆、汪容 / 浙江人民出版社 / 2015-4 / CNY 56.90,纸质版 39.10元,●如果要在大数据领域推举出一个代表性的科学家，阿莱克斯·彭特兰是一个无法令人忽略的名字。经过数年极具开创性的研究，社会物理学这个全新科学领域的根基已足够深厚...
AI的25种可能,7.7,[美] 约翰·布罗克曼 / 王佳音 / 浙江人民出版社 / 2019-10-25 / 79.90元,纸质版 55.90元, 世界上最聪明的网站Edge，每年一次，让100位全球最伟大的头脑坐在同一张桌子旁，共同解答关乎人类命运的同一个大问题，开启一场智识的探险，一次思想的旅行...
宇宙,9.3,[美]卡尔·萨根 / 虞北冥 / 上海科学技术文献出版社 / 2021-6 / 78.00元,纸质版 39.00元,《宇宙》由知名天文学家卡尔·萨根所著，是影响深远的一本天文科普名著，是豆瓣9.5分同名传奇纪录片的姊妹篇。本书将科学思辨和人文精神结合，从我们身边的锁事追溯...
克莱因壶,8.9,[日] 冈岛二人 / 张舟 / 化学工业出版社 / 2019-9 / 48.00元,纸质版 21.30元,什么时候你开始怀疑这个世界是假的？ . 日本虚拟现实VR题材开山杰作， 超前《盗梦空间》20年！ 传奇推理作家组合冈岛二人预言之书，以超强的技术预见力，30...
MBA教不了的创富课 : 我在30岁之前赚到1000万的经验谈,8.4,老雕 / 当代中国出版社 / 2011-1-1 / 28.00元,纸质版 34.40元,MBA教不了的创富课：我在30岁之前赚到1000万的经验谈，ISBN：9787801709394，作者：老雕 著
枪炮、病菌与钢铁 : 人类社会的命运,8.8,[美] 贾雷德·戴蒙德 / 王道还、廖月娟 / 中信出版社 / 2022-1 / 89.00元,纸质版 40.50元,1997年，在亚力提出那个发人深省的问题25年后，贾雷德·戴蒙德终于有底气写就并出版了这本《枪炮、病菌与钢铁》，一经上市，旋即引起各界激烈争论。它的颠覆性不...
權力與進步 : 科技變革與共享繁榮之間的千年辯證,8.4,戴倫．艾塞默魯、賽門．強森、[美国] 达龙·阿西莫格鲁 / 林俊宏 / 天下文化 / 2023-11,纸质版 30.80元,全球獨家中文版！《金融時報》年度選書 關心AI時代人類命運的必讀之作 當代經濟學巨擘從千年歷史經驗借鑑，重新定位科技變革的價值與方向 ☉ 《國家為什麼會失...
"2040世界未來報告書 : 太空淘金、人機共生、移動革命、能源戰爭、ESG策略,疫後時代如何抓住",6.3,朴英淑、傑羅姆.格倫 / 金學民 / 高寶國際 / 2022-6 / NT$460,纸质版 57.20元,《駭客任務》、《阿凡達》、《火星任務》等科幻作品般的預言，提前20年成為現實！？ 太空採礦救地球？石油業走向終結？城市空中交通普及？ 人類與AI合體？長生不...
微软的秘密,8.4,[美] Michael A. Cusuma、[美] Richard W. Selbyno / 章显洲、贾菡、杨文俊 / 电子工业出版社 / 2010-1 / 45.00元,纸质版 17.50元,《微软的秘密》以大最详实的材料为基础，对微软这个全球最大的软件公司进行了深入的剖析，作者将重点放在对微软内部运作机制和市场营销手段的分析上，为读者展示了每一...
极简算法史 : 从数学到机器的故事,7.5,[法] 吕克·德·布拉班迪尔 / 任轶 / 人民邮电出版社 / 2019-1 / 39.00元,纸质版 34.50元,数学、逻辑学、计算机科学三大领域实属一家，彼此成就，彼此影响。从古希腊哲学到“无所不能”的计算机，数字、计算、推理这些貌似简单的概念在三千年里融汇、碰撞。如...
科技渴望性別,9.4,吳嘉苓、傅大為、吴嘉苓 / 群學 / 2004-1 / NT$ 300,纸质版 34.90元,本書與《科技渴望社會》為台灣第一套 STS讀本。 台灣 STS 研究者群策群力， 透過 精選、譯介西方 STS 文獻的菁華，引領台灣讀者進入 科技與社會這個...
硅谷之谜 : 《浪潮之巅》续集,8.5,吴军 / 人民邮电出版社 / 2015-12-1 / 59.00元,纸质版 51.30元,这是一本颠覆人们对信息时代的认识、对创新和创业的理解的好书。作者吴军通过介绍硅谷成功的秘诀，揭示了信息时代的特点和方法论。 近年来，吴军从技术和管理人员变成...
循环：AI如何影响人类，人类如何应对AI,8.4,雅各布˙沃德（Jacob Ward） / 毛敏 / 中译出版社 / 2024-3 / 79,纸质版 17.80元,什么是循环？本书提到三个循环：第一个循环也是最核心的循环，即世代沿袭的人类本能。人类天生具有偏见，而且更倾向于使用大脑的系统1行事，在这个过程中，人类原有的...
最后的沉思,6.6,[法] 彭加勒 / 李醒民 译、范岱年 校 / 商务印书馆 / 1996-12 / 10.00元,纸质版 45.10元,昂利·彭加勒（1854—1912），法国著名数学家、物理学家、科学哲学家，在天文学、物理学、科学哲学和几乎全部数学领域都有卓越贡献。本书是作者的遗著，汇集了...
自动驾驶技术概论,8.1,王建、徐国艳、陈竞凯、冯宗宝 / 清华大学出版社 / 2019-10,纸质版 37.60元, 《脑机穿越》讲述了“人机融合”的未来，即“脑机接口时代”即将到来！在未来科技的驱动下，科幻大片的场景已逐渐走入现实。人类通过思维控制人造工具，如今听起来...
脑机穿越 : 脑机接口改变人类未来,9.9,（巴西）米格尔•尼科莱利斯（Miguel A. Nicolelis）著 / 黄珏苹、郑悠然 / 浙江人民出版社 / 2015-3 / 59.90元,纸质版 57.90元,计算已经成为人们生活中不可或缺的组成部分，人类社会享受了计算技术的红利得以飞速发展。可以说当今的计算机科学和产业应用的成就是人类文明有史以来所有智慧的结晶。...
计算,8.0,吴翰清 / 电子工业出版社 / 2023-10-24 / 128.00,纸质版 33.60元,本书是一部讲述中国乃至全球主要手机品牌发展历史，以及与之相关各产业和国家竞争背后故事的书籍，主线是手机以及与之直接相关的计算机、移动通信、软件和半导体产业的...
手机战争 : 一部关于芯片、5G通信和互联网等信息产业的商业帝国史,7.1,余盛 / 华中科技大学出版社 / 2020-11-10 / 68.00元,纸质版 64.00元,编辑推荐 ★“科学怪咖”兰道尔•门罗的畅销科普书《万物解释者》全新修订升级！用小学生都能懂的极简语言，图解45种复杂事物，从你家里的挂锁、微波炉、卫生间，到...
万物解释者（畅销升级版） : 复杂事物的极简说明书,8.6,[美] 兰道尔·门罗 / 孙璐 / 天津科学技术出版社 / 2020-8 / 128.00元,纸质版 58.50元,机器学习领域著名学者周志华教授领衔的南京大学LAMDA团队四位教授合著 系统梳理机器学习理论中的七大重要概念或理论工具，并给出若干分析实例 机器学习理论内容...
机器学习理论导引,7.8,周志华、王魏、高尉、张利军 / 机械工业出版社 / 2020-6-3 / 79.00元,纸质版 27.70元,【编辑推荐】 ★ 揭秘硅谷精英开启创业新模式的细节。披露马斯克、贝佐斯等人如何创建并运营航天公司的故事。怎样找准时机、布局调整、与对手抗衡…… ★ 马斯克的...
下一站 火星 : 马斯克、贝佐斯和太空争夺战,8.4,[美] 克里斯蒂安·达文波特 / 王文煌 / 湖南科学技术出版社 / 2018-12 / 59.00元,纸质版 39.90元,人工智能（AI），尤其是生成式语言模型和生成式人工智能（AIGC）模型，正以惊人的速度改变着我们的世界。驾驭这股潮流的关键，莫过于探究自然语言处理（NLP）...
GPT图解 : 大模型是怎样构建的,8.0,黄佳 / 人民邮电出版社 / 2023-12 / 79.80元,纸质版 59.30元,编辑推荐 ★ 《时代》周刊2010年十大非虚构作品、《PopMatters》2010年度非虚构作品、美国亚马逊编辑推荐图书，并获得古根海姆奖学金资助 ★ 屡...
追光者 : 人造光的进化史,8.8,[美]简·布罗克斯（Jane Brox） / 蒋怡颖 / 社会科学文献出版社 / 2023-2 / 89.00元,纸质版 31.00元,本书由日本前沿科技领军人物齐田兴哉执笔，详细列举了在2030-2050年间有望得到发展的51种热门智能新科技，井详述了这些科技将为商业发展带来的变革趋势。 ...
新科技：预测未来商业发展的51项领先技术,8.4,[日]齐田兴哉 / 陈旭 / 中译出版社 / 2023-8 / 69元,纸质版 42.59元,《自私的基因》是20世纪最经典的著作，这版三十周年纪念版，在前版本基础上有两章增补和修订。我们从哪里来，又将到哪里去。生命有何意义，我们该如何认知自己？《自...
自私的基因,8.0,[英]理查德·道金斯 / 卢允中、张岱云、陈复加、罗小舟 / 中信出版社 / 2012-9 / 68.00元,纸质版 51.30元,从什么是量子到“墨子号”量子科学实验卫星，从BB84协议到诱骗态方法，以通俗的语言介绍了量子通信背后的科学原理和发展现状，特别阐述了容易被公众误解的知识，非...
大话量子通信,7.1,张文卓 / 人民邮电出版社 / 2020-5 / 59.00元,纸质版 39.30元,红白机•Mega Drive•PlayStation•Dreamcast……WiiU•PlayStation4•Xbox One 任天堂、世嘉、索尼、微软…...
家用游戏机简史,9.9,前田寻之 / 周自恒 / 人民邮电出版社 / 2015-6 / 39.00元,纸质版 40.40元,本书是《自然科学基础知识》第一分册，主要介绍我们周围的无机宏观世界。书中以通俗的语言描述了我们目前所观察到的宇宙及其结构，讨论了地球在宇宙中的地位、它的形状...
宇宙、地球和大气,7.3,I.阿西摩夫 / 王涛、黔冬、等 / 科学出版社 / 1976 / 0.65,纸质版 29.30元,在数字经济成为新的经济增长动力的时代，“平台经济”“网络效应”“大数据”“人工智能”等热门概念不断涌现并构建了一层“平台幻觉”，让多数人相信这些词汇仿佛拥有...
声呐技术,7.4,刘国枝孙大军孙大军 / 哈尔滨工程大学出版 / 2000-3 / 22.00元,纸质版 25.80元,《声呐技术》详细地介绍了声呐系统的基本原理和采用的技术。全书分十章，分别叙述了声呐系统的测向、波束形成、测距、测速、定位，以及信号发送和接收技术，同时还介绍...
芯片的未来 : 制衡世界的技术,9.3,[日]黑田忠广 / 陆应亮 / 浙江人民出版社 / 2024-1-1 / 58.00元,纸质版 50.10元,日本芯片专家黑田忠广重磅新书， 揭示半导体新世界、激荡环境及应对方法！ 王志华、冯锦锋、麦满权、陈言作序，俞捷、余成斌推荐！ 半导体战略的关键是积极投资精细...
计算机网络 (第8版),9.9,谢希仁 / 电子工业出版社 / 2021-6 / 59.80,纸质版 74.90元,"本书自1989年首次出版以来，曾多次修订版。在2006年本书通过了教育部的评审，被纳入普通高等教育""十一五”规划教材；2008年出版的第5版获得了教育部20..."
上帝的手术刀 : 基因编辑简史,8.7,王立铭 / 浙江教育出版社 / 2022-10 / 99.90,纸质版 58.40元,《上帝的手术刀》一书主题聚焦于21世纪生命科学领域最为热门的基因编辑技术，可以说是国内第一本系统讲述基因编辑技术这一革命性研究进展的大众科普读物，给很多人带...
黑客与画家 : 硅谷创业之父Paul Graham文集,9.1,[美] Paul Graham / 阮一峰 / 人民邮电出版社 / 2011-4 / 49.00元,纸质版 63.30元,本书是硅谷创业之父Paul Graham 的文集，主要介绍黑客即优秀程序员的爱好和动机，讨论黑客成长、黑客对世界的贡献以及编程语言和黑客工作方法等所有对计算...
东数西算与算力网络,9.0,唐雄燕 等 / 电子工业出版社,纸质版 57.20元,1906年，诺伯特·维纳被评为“天才少年”。作为神童，他11岁上大学，18岁获得博士学位，师从多位欧洲著名的数学家，然后在麻省理工学院开始了他辉煌的职业生涯...
维纳传 : 信息时代的隐秘英雄,9.2,[美] Flo Conway、[美] Jim Siegelman / 张国庆 / 中信出版集团 / 2021-8 / 88.00元,纸质版 65.60元,“我们所追求的完美是我们的桎梏，因为不可预知性总会伴随着我们创造出的每一样东西！” 他们是伟大的发明家，从人格交换机到末世论改造机，无所不造。 他们不仅要一...
机器人大师,9.3,[波兰] 斯塔尼斯瓦夫·莱姆 / 毛蕊 / 浙江文艺出版社 / 2021-4 / 98.00元,纸质版 39.00元,本书深入探讨了AIGC传播时代媒介的变化、人机互动的变化与人的变化。生成式AI的核心技术引发了内容生态、媒介行业的升级。在此情景下，传播内容与形式的更新依托...
AIGC传播时代,7.1,喻国明 著 / 中译出版社（原中国对外翻译出版公司） / 2024-1 / 79.00元,纸质版 108.80元,《现代城市规划理论》在对现代城市规划及其理论进行概说的基础上，本书的第二、第五部分，结合社会经济的历史发展详细介绍了现代城市规划的形成、发展和演变的历史进程...
现代城市规划理论,8.9,孙施文 / 中国建筑工业出版社 / 2007-3 / 128.00元,纸质版 48.30元,这是一本对传统的科技创新编年史重新解构的作品。作者以优美的文笔和独特的视角讲述了一个个引人入胜的科技创新故事。值得一提的是，本书最大的特点在于作者将马斯洛的...
人类科技创新简史 : 欲望的力量,9.2,[美] 董洁林 / 中信出版集团 / 2019-6 / 69,纸质版 59.50元,本书是当代职业科学史家为非专业的读者和大学生们编写的一本世界科学技术通史教材，旨在提供一幅“全景图”，以满足那些受过良好教育的人士的需要。本书阐明：科学和技...
世界科学技术通史,9.2,麦克莱伦第三、哈罗德·多恩 / 王鸣阳 / 上海科技教育出版社 / 2012-2 / 48.00元,纸质版 33.70元,本书从普通读者的视角出发，先介绍量子是什么以及较为容易理解的量子精密测量，然后讲述量子力学的“三大奥义”，再介绍量子计算和量子通信，不仅保持了科学的严谨性，...
量子信息简话 : 给所有人的新科技革命读本,7.5,袁岚峰 / 中国科学技术大学出版社 / 2021-11 / 80元,纸质版 20.80元,世界的基本组成部分是什么？时间和空间真的存在吗？现实（Reality）的本质是什么？现象级科普畅销书《七堂极简物理课》作者、意大利理论物理学家卡洛·罗韦利以...
现实不似你所见 : 量子引力之旅,8.0,[意] 卡洛·罗韦利 / 杨光 / 湖南科学技术出版社 / 2017-11 / 49.00,纸质版 51.00元, 当机器人霸占了你的工作，你该怎么办？机器人犯罪，谁才该负责？人工智能时代，人类价值如何重新定义？  在《人工智能时代》一书中，智能时代领军人、硅谷连续...
人工智能时代 : 人机共生下财富、工作与思维的大未来,8.3,[ 美]杰瑞•卡普兰（Jerry Kaplan） / 李盼 / 浙江人民出版社 / 2016-4-1 / CNY 59.90,纸质版 165.00元,◎全球首部埃隆•马斯克授权著作！了解埃隆•马斯克最全面、最真实、最经典读本 ◎创业者必读。首次披露马斯克如何建立和运营PayPal、特斯拉、Space X、...
硅谷钢铁侠 : 埃隆·马斯克的冒险人生,8.6,[美] 阿什利·万斯 / 周恒星 / 中信出版社 / 2016-4 / 68.00元,纸质版 261.00元,《技术领导之路:全面解决问题的途径(中英文对照)》内容简介：搞定技术问题并不简单，但与人打交到也并非易事。作为一个技术专家，你是否在走上管理岗位时遇到了各种...
技术领导之路（中英文对照） : 全面解决问题的途径(中英文对照),8.3,Gerald M.Weinberg / 余晟 / 电子工业出版社 / 2009-12 / 69.00元,纸质版 60.90元,[内容简介] ●本书讲述了罗伯特•诺伊斯、戈登•摩尔和安德鲁•格鲁夫如何缔造了世界上最重要公司的故事。公司的“外交家”诺伊斯被视为圣父、“思想家”摩尔被视为...
三位一体 : 英特尔传奇,9.1,[美]迈克尔·马隆 / 黄亚昌 / 浙江人民出版社 / 2015-4 / 98.90,纸质版 16.86元,《生命3.0》一书中，作者迈克斯·泰格马克对人类的终极未来进行了全方位的畅想，从我们能活到的近未来穿行至1万年乃至10 亿年及其以后，从可见的智能潜入不可见...
创新的起源 : 一部科学技术进步史,7.5,马特·里德利（Matt Ridley） / 王大鹏、张智慧 / 机械工业出版社 / 2021-6-20 / 79,纸质版 60.20元,创新与生命一样，是宇宙中非常不可思议的现象，因为它是“逆熵”的，它能从混乱中衍生出秩序，从简单演化出复杂，是整个宇宙避免热寂的希望。 尽管除了熊彼特和索洛以...
Where Is My Flying Car?,8.0,J. Storrs Hall / Stripe Press / 2021-11-30,纸质版 63.30元,The science fiction of the 1960s promised us a future remade by technological ...
技术与德国 : 1800年至今,7.5,[德] 卡斯滕·尤尔 / 朱任东 / 中国工人出版社 / 2024-3-1 / 88.00元,纸质版 48.30元,本书是一部德国技术史著作，研究时段为19世纪初至当代，核心观点为“技术塑造现代德国”。本书探讨了技术与社会之间的互动关系，介绍了在200年的现代德国史中，技...
美国创新简史 : 科技如何助推经济增长,8.3,[美] 乔纳森·格鲁伯（Jonathan Gruber）、[美] 西蒙·约翰逊（Jonathan Gruber ） / 穆凤良 / 中信出版集团 / 2021-4 / 69,纸质版 40.00元,本书详细梳理了美国创新的重要历史，并对当下的处境表示了担忧，对未来提出了具体可行的策略支撑。 本书的开头部分，聚焦公费资助的科学创新如何为第二次世界大战的胜...
非凡之路：第四次工业革命 : 第四次工业革命,8.7,[英]史蒂芬·怀亚特（Stephen Wyatt） / 周琳琳 / 中国科学技术出版社 / 2021-9 / 89.00元,纸质版 53.00元,2013年德国政府提出“工业4.0”这一概念，2015年世界经济论坛在此基础上正式命名了“第四次工业革命”。 第四次工业革命不仅仅是一系列智能化技术驱动的生...
业务数智化：从数字化到数智化的体系化解决方案,8.7,高远 / 电子工业出版社 / 2023-9 / 106,纸质版 11.90元,《业务数智化：从数字化到数智化的体系化解决方案》不仅是一本业务数智化体系的科普书，还是作者多年在真实业务场景下进行数智化实践 的经验总结。本书系统总结了一套...
产品经理的第二本书 : 产品经理实战技巧指南,7.7,[美] 哥乔斯 / 戴维侬 / 中国财政经济出版社 / 2004-4 / 39.80元,纸质版 138.20元,产品经理的第二本书：产品经理实战技巧指南，ISBN：9787500570950，作者：（美）琳达·哥乔斯（Linda Gorchels）著；戴维侬译；戴维侬...
乘用车底盘系统开发：车辆动力学原理应用与正向开发工程实践,9.2,[美]吴旭亭 / 机械工业出版社,纸质版 128.00元,"From award-winning journalist Kara Swisher comes a witty, scathing, but fair a..."
Burn Book : A Tech Love Story,8.3,Kara Swisher / Simon & Schuster,纸质版 29.95元,我们生活在一个由科学造就的世界。但这个世界不是自古就有的，现代意义的科学探索只是近500年才出现的新事物，它的出现和发展造就了我们现在的世界。这世界是在何时...
科学的诞生 : 科学革命新史,9.1,[美]戴维·伍顿 / 刘国伟 / 中信出版社 / 2018-4-23 / 128.00元,纸质版 44.00元,·这本书从孟德尔神父的“豌豆试验”入手，用跌宕起伏、起承转合的文学讲述手法，在全书中埋下层层伏笔，抖出了一个又一个的重磅包袱，宛如一位智者在科学之树下摇着扇...
上帝的手术刀 : 基因编辑简史,8.2,王立铭 / 浙江人民出版社 / 2017-5-1 / 59.90元,纸质版 134.00元,∣如果有一天，Google的搜尋引擎突然故障 ∣GMAIL信件全數消失 ∣Google Maps、Google Docs、Google行事曆等所有雲端服務全...
Google總部大揭密 : Google如何思考？如何運作？ 如何形塑你我的生活？,7.9,史蒂芬．李維 / 陳重亨 / 財信 / 2011-11,纸质版 22.88元,曾经，意念控制被认为是痴人说梦；如今，它早已变得轻轻松松，甚至连老鼠和猪都能用意念玩转游戏。曾经，“读心术”被认为是骗人把戏；如今，它早已变成现实，只需扫描...
人工智能未来简史――基于脑机接口的超人制造愿景,7.6,杨义先、钮心忻 / 电子工业出版社 / 2022-6 / 88.00元,纸质版 33.60元,《中国水印木刻的观念与技术》是兼具学术性、专业性、知识性、实用性原创性和创新性的版画史论专著及水印木刻技法书，堪称中国水印木刻的百科全书。 全书共九章。前四...
我们何以成为后人类 : 文学、信息科学和控制论中的虚拟身体,8.0,[美] N.凯瑟琳·海勒 / 刘宇清 / 北京大学出版社 / 2017-6 / 59.00元,纸质版 45.60元,本书深入探究 “身体” 在信息时代的命运，责无旁贷地阐明我们所身处的虚拟时代以及未来的走向。我们作为 “人类” 的日子已经屈指可数了，我们终将成为 “后人类...
溯源中国计算机,8.1,徐祖哲 / 生活·读书·新知三联书店 / 2015-6 / 88.00元,纸质版 52.80元,中国计算机的起源和发展与近半个世纪的中国社会发展紧密关联，当年的创业者们用今天看来性能不高的数字设备奇迹般地攻克了众多高难度课题，为科技、经济与国防开辟了数...
第三届中国高校智能机器人创意大赛获奖作品精选,7.5,,纸质版 77.76元,本书以元宇宙的未来开发趋势为核心，不仅为读者清晰阐述了元宇宙的概念和其对每个人的深远影响，还从一名元宇宙专业研究学者的角度，深入探讨了普通人应如何适应元宇宙...
后元宇宙时代,8.6,[日]佐藤航阳 / 姚山宏 / 中译出版社 / 2024-1 / 69元,纸质版 34.10元,《我们如何走到今天：重塑世界的6项创新》这是一本以新颖的眼光重新看待世界本质的科普常识巨著。专注于人类文明史上6种里程碑式的创新发明，审视伟大创意的力量与回...
自动驾驶改变未来,7.7,柴占祥 / 机械工业出版社 / 2017-11-14 / CNY 79.00,纸质版 57.90元,收录2023雨果奖最佳短中篇《时空画师》+7篇口碑佳作+2篇神秘新作 内藏《千里江山图》局部拉页 从怪奇诡谲到恍然大悟，海漄不只有《时空画师》！ 钱莉芳、张...
我们如何走到今天 : 重塑世界的6项创新,,[美] 史蒂文·约翰逊 / 秦启越 / 中信出版社 / 2016-9-20 / CNY 68.00,纸质版 37.70元,An urgent warning of the unprecedented risks that AI and other fast-developing...
海漄怪奇故事集,8.0,海漄 / 新星出版社 / 2024-1 / 56.00元,纸质版 28.00元,现今，Facebook 市值超过8000亿美元，月活用户数直逼30亿，它旗下的全资子公司包括I nstagram、WhatsApp 等社交领域的新星，Fac...
"The Coming Wave : Technology, Power, and the Twenty-first Cen",7.1,Mustafa Suleyman / Crown / 2023-9-5,纸质版 67.10元,《产品经理的第二本书》是《产品经理手册》的进阶篇，展示了产品管理职能的全貌。 全书按照产品经理、高级产品经理、产品总监、产品副总裁从低到高的职位顺序，分解各...
Facebook : 一个商业帝国的崛起与逆转,6.8,[美] 史蒂文·利维 / 江苑薇、桂曙光 / 中信出版社 / 2021-6 / 98.00元,纸质版 39.60元,现如今，“中国制造”已经成为一个世界性的热门话题，与此同时，很多人对中国制造还存在一些认知误区。实际上，网址我能改的工业体系、卓越的系统集成能力已经为中国制...
产品经理的第二本书（白金版）,8.0,[美] 琳达·哥乔斯(Linda Gorchels) / 吴振阳 / 机械工业出版社 / 2017-8 / 50.00,纸质版 73.50元,《工业数字孪生与企业应用实践》以智能制造的各个阶段为视角，详尽阐述了工业数字孪生技术在产业智能化升级中的应用。通过提高生产、制造、装配、设计、规划和物料等方...
大国锁钥 : 国产替代浪潮,8.6,曾航 、 周廉卜 、 涂逸君 等 / 浙江大学出版社 / 2022-11 / 68,纸质版 74.80元,比尔·盖茨花了十年时间调研气候变化的成因和影响。在物理学、化学、生物学、工程学、政治学和经济学等领域的专家的支持下，他专注于探索减少温室气体排放的新技术。 ...
工业数字孪生与企业应用实践,6.3,陈岩光、于连林 等 / 清华大学出版社 / 2024-1-1 / 99,纸质版 44.20元,本书以科技哲学在当下社会中的影响为主题，尝试从分析技术与科学的新关系、反思元宇宙可能导致的总体性风险、提炼新冠肺炎疫情对于当代科技发展的某些启示、研究日益猖...
气候经济与人类未来 : 比尔·盖茨给世界的解决方案,8.5,[美国] 比尔·盖茨 / 陈召强 / 中信出版集团 / 2021-4-5 / 68.00,纸质版 32.60元,「如果有哪本書能讓所有人了解矽時代，並認知到這個時代的刺激與重要程度毫不亞於原子能時代，就是這本書了。」——《紐約時報》 看懂現今晶片戰局勢最重要解讀——矽...
科技与社会十四讲,8.1,刘永谋 / 北京大学出版社 / 2022-9 / 48.00,纸质版 54.50元,未来人类进化的方向是什么？人工智能的发展将会给社会带来怎样的冲击？它会和人类和谐共处还是会取代人类？智能和意识如果可以分离，他们孰轻孰重？假使技术的发展使得...
晶片戰爭,6.3,克里斯．米勒（Chris Miller） / 洪慧芳 / 天下雜誌股份有限公司 / 2023-3-1,纸质版 18.00元,当收音机经历从真空管收音机到半导体收音机，再到电晶体收音机的发展升级时，人们觉得自己的资讯来源美满得无可复加了。当约翰.洛吉.贝尔德发明了电视以后，在很长一...
智能汽车：新一代技术与应用,6.8,姜鸿雷 / 电子工业出版社,纸质版 84.00元,本书全方位地介绍了新一代智能汽车的关键技术，系统地阐述了汽车芯片、电子电气架构、车载网络、计算平台、车辆感知、定位、5G、V2X、云计算、大数据、汽车软件、...
机器人伦理学导引,8.2,[希]施皮罗斯.G.查夫斯塔 / 尚新建、杜丽燕 / 北京大学出版社 / 2022-8 / 79,纸质版 53.70元,随着计算机技术和制造业的不断发展，机器人已经逐渐走出科幻作品或实验室，和人们的现实生活产生越来越密切的联系。从娱乐到社交、医疗乃至战争，机器人的参与已经为人...
数字原生,8.5,何宝宏 / 中译出版社,纸质版 38.90元,&nbsp; 数字原生是一个完全数字化的世界，数字技术和数字文化已经深入人类社会的各个领域和层面，成为人们生活、工作和学习的重要组成部分，甚至已经改变了人们...
人工智能时代与人类未来,7.8,[美] 亨利·基辛格、[美] 埃里克·施密特、[美] 丹尼尔·胡滕洛赫尔 / 胡利平、风君 / 中信出版社 / 2023-5 / 88.00元,纸质版 57.20元,人工智能时代来临，将带来划时代的变革。人工智能正改变我们的社会、经济、政治和外交政策，这一切影响远远超过任何领域的传统范畴，而我们做好准备了吗？ 在本书中，...
当我们不再理解世界,5.8,[智利]本哈明·拉巴图特 / 施杰 / 人民文学出版社 / 2022-9-1 / 59.00元,纸质版 27.73元,◆编辑推荐： ★二〇二一年国际布克奖、美国国家图书奖短名单作品！ ★入选二〇二一年度《纽约时报书评周刊》十大好书！ ★入选奥巴马二〇二一年夏季阅读书单！ ★...
自主无人系统的智能环境感知技术,9.1,毕欣 / 华中科技大学出版社 / 2020-5 / 118.00,纸质版 58.38元,随着传感器技术、网络技术、通信技术的发展，自主无人系统近年来取得巨大突破，并获得社会各界关注。自主无人系统所涉及的环境感知、数据融合、自主决策等关键技术也正...
游向彼岸 : 安迪·格鲁夫自传,7.8,[美]安迪·格鲁夫 / 张春雨 / 中信出版社 / 2022-8 / 69.00,纸质版 46.00元,作为全球颇具影响力的企业英特尔的创始人和前CEO，作为21世纪广为人知的商业领军人物，安迪·格鲁夫以其出众的管理才能和骄人的财富举世闻名，他还是“现代管理学...
数字化的力量,6.9,郭为 / 机械工业出版社 / 2022-6-15 / 99.00元,纸质版 61.00元,♦神州数码创始人郭为首部力作！为中国企业量身打造的驾驭数字化、创新数字化的重要参考和行动指南。 ♦本书追溯过去，着眼现在，展望未来，对数字化的本质及其为人类...
机器人是怎样工作的（图解版）,5.7,[日] 濑户文美 著、[日] 平田泰久 审校 / 许永伟 / 人民邮电出版社 / 2023-10 / 59.80元,纸质版 48.30元,机器人内部构造是什么样的？它们如何工作？ 大人和孩子都能读懂的机器人科普手绘。 ◎ 编辑推荐 机器人工程学的超简单入门指南，海量有趣的插图，所有的“结构”仅...
科学技术史手册,8.2,吴国盛 / 清华大学出版社 / 2023-5 / 298.00元,纸质版 231.70元,“清华科史哲教材系列”之《科学技术史手册》由清华大学科学史系吴国盛老师在内的30名编者编写，由清华大学出版社出版。 这是一部反映国际科技史学科发展的全貌的大...
科技想要什么（修订版）,,（美）Kevin Kelly（凯文·凯利） / 电子工业出版社 / 2023-9,纸质版 44.50元,5G被誉为“数字经济新引擎”，既是人工智能、物联网、云计算、区块链、视频社交等新技术新产业的基础，也将为“中国制造2025”和“工业4.0”提供关键支撑。 ...
5G时代 : 什么是5G，它将如何改变世界,7.7,项立刚 / 中国人民大学出版社 / 2019-5 / 69元,纸质版 43.50元,声称能改造智能的科学实验在白老鼠阿尔吉侬身上获得了突破性的进展，下一步急需进行人体实验。个性和善、学习态度积极的心智障碍者查理·高登成为最佳人选。手术成功后...
献给阿尔吉侬的花束,7.7,[美] 丹尼尔·凯斯 / 陈澄和 / 广西师范大学出版社 / 2015-4 / 36.00元,纸质版 24.00元,「内容简介」 本书是一部面向21世纪的政治启蒙读物，从数字时代社会的特征、未来的权力形式，到未来的自由、民主、正义，为我们了解安排人类集体生活的未来的政治提...
不用绞尽脑汁也能看得懂的漫话科学：原子弹诞生篇,9.8,[美] 乔纳森 • 费特－沃尔姆(Jonathan Fetter-Vorm) 著绘 / 吴佩新 / 北京联合出版公司 / 2021-3 / 48.00元,纸质版 30.24元,★★★ 科学难以一言以蔽之，但可以用一本漫画的时间轻松掌握！ 全方位忠实还原“二战”末期美国“曼哈顿计划”，跟随大科学家回望原子弹诞生史。 系列漫画直击原子...
脑机接口导论,8.2,[印度]拉杰什 P.N.拉奥 （Rajesh P. N. Rao） / 张莉、陈民铀 / 机械工业出版社 / 2016-7 / 89,纸质版 65.90元,脑机接口技术是一种涉及神经科学 、信号检测、信号处理 、模式识别等多学科的交叉技术，近年来随着神经科学和工程学的长足进展，脑机接口技术愈来愈引起学术界和工业...
被互联网辜负的人 : 互联网的士绅化如何制造了数字不正义,7.0,[美]杰西·林格尔 / 冯诺 / 浙江人民出版社 / 2023-10 / 48,纸质版 24.00元,强加《用户协议》，引导无意义的点击、停留、互动 互联网平台有很多工具来吸引、利用和剥削用户 但贡献内容、人气和数据的用户对平台如何运作没有约束力 20年间，...
信息简史,8.6,[美] 詹姆斯·格雷克 / 高博 / 人民邮电出版社 / 2013-11-1 / 69.00元,纸质版 51.30元,人类与信息遭遇的历史由来已久。詹姆斯•格雷克笔下的这段历史出人意料地从非洲的鼓语讲起（第1章）。非洲土著部落在尚未直接跨越到移动电话之前，曾用鼓声来传递讯息...
从零开始读懂Web3,,Anymose / 北京大学出版社 / 79,纸质版 57.60元,Web3正频繁出现在公众视野中，然而受阻于晦涩难懂的技术原理及陌生又拗口的专业术语，很多人对此望而却步。本书试图用通俗的语言、简单的结构、翔实的案例让零基础...
区块链 : 从数字货币到信用社会,7.0,长铗、韩锋 / 中信出版社 / 2016-7 / CNY 58.00,纸质版 36.00元,《区块链：从数字货币到信用社会》从历史与背景、发展现状、基础原理与技术、应用生态、存在的问题与挑战等方面论述了区块链是怎样立起来的，为什么人人都在谈论区块链...
供應鏈戰爭 : 砂、鹽、鐵、銅、鋰、石油的戰略價值,7.6,埃德・康威 / 譚天 / 天下文化 / 2023-11-30 / NT 650,纸质版 59.00元,★ 入圍英國《金融時報》和施羅德（Schroders）共同評選的2023年度商業圖書獎（Business Book of the year Award）名單...
光刻巨人 : ASML崛起之路,8.3,[荷兰] 瑞尼·雷吉梅克 / 金捷幡 / 人民邮电出版社 / 2020-10 / 118.0,纸质版 255.00元,如何将一项毫无希望的研究和商业活动转变为价值数十亿美元的机器和世界ling先的公司? 荷兰企业ASML（阿斯麦）成功了，知名科技作家瑞尼·雷吉梅克（René...
信息时代三部曲：经济、社会与文化,8.5,[美] 曼纽尔·卡斯特(Manuel Castells) / 夏铸九、王志弘 / 社会科学文献出版社 / 2003 / 33.00,纸质版 61.00元,《信息时代三部曲：经济、社会与文化》包括《网络社会的崛起》《认同的力量》《千年终结》，由英国Blackwell Publishers Ltd. 授权出版，据...
技术主权 : 第四次工业革命时代的大国博弈,7.5,[俄]格伦·迪森 / 丁宁、李红澄、帖明 / 中国科学技术出版社 / 2023-11 / 118.00元,纸质版 35.90元,本书中，格伦·迪森评估了人工智能、技术生态系统以及网络战的发展将在多大程度上影响21世纪以及未来的大国政治。 第四次工业革命将如何影响大国政治？ 本书中，格...
Web3.0时代：创新思维赋能数字未来,8.2,徐俊 / 电子工业出版社,纸质版 33.00元,有人说近代日本是从“黑船来航”开始的，这也是大众有所接触但是了解不深的一个话题，本书就从“黑船来航”带给日本的翻天覆地的变化说起。 黑船带来能源革命，日本由...
人工智能基础,8.2,机械工业出版社,纸质版 28.00元,全球狂销超400万册，美国亚马逊理财类No.1，53种语言版本火爆全球！ 你和金钱的关系，决定了财富和你的距离！ 在风云变幻的投资理财领域，带你找到亘古不变...
日本科技150年 : 从黑船来航到福岛事故,9.3,[日]山本义隆 / 蔣奇武 / 浙江人民出版社 / 2019-12-1 / 48,纸质版 52.60元,从数字货币及智能合约技术层面，解读了区块链技术在金融领域的运用。“如果你正在寻找一本在技术层面解释比特币是如何运作的，并且你有一定计算机科学和编程的基本知识...
